text,ats_score,grammar_score,readability_score,overall_score
This is dummy resume feedback #1,10.62,7.78,8.93,9.11
This is dummy resume feedback #2,19.26,13.13,8.7,13.7
This is dummy resume feedback #3,15.98,18.09,18.59,17.55
This is dummy resume feedback #4,13.98,15.98,8.74,12.9
This is dummy resume feedback #5,7.34,17.1,9.08,11.17
This is dummy resume feedback #6,7.34,14.88,16.39,12.87
This is dummy resume feedback #7,5.87,15.38,11.75,11.0
This is dummy resume feedback #8,17.99,17.74,16.65,17.46
This is dummy resume feedback #9,14.02,8.75,5.98,9.58
This is dummy resume feedback #10,15.62,12.34,12.31,13.42
This is dummy resume feedback #11,5.31,8.32,5.5,6.38
This is dummy resume feedback #12,19.55,19.82,5.94,15.1
This is dummy resume feedback #13,17.49,19.16,18.6,18.42
This is dummy resume feedback #14,8.19,5.59,7.09,6.96
This is dummy resume feedback #15,7.73,15.58,12.99,12.1
This is dummy resume feedback #16,7.75,18.88,11.17,12.6
This is dummy resume feedback #17,9.56,7.71,10.21,9.16
This is dummy resume feedback #18,12.87,13.52,18.5,14.96
This is dummy resume feedback #19,11.48,18.73,5.33,11.85
This is dummy resume feedback #20,9.37,5.51,14.96,9.95
This is dummy resume feedback #21,14.18,15.46,19.45,16.36
This is dummy resume feedback #22,7.09,9.46,13.4,9.98
This is dummy resume feedback #23,9.38,18.87,19.05,15.77
This is dummy resume feedback #24,10.5,19.57,5.78,11.95
This is dummy resume feedback #25,11.84,19.16,11.28,14.09
This is dummy resume feedback #26,16.78,12.11,8.9,12.6
This is dummy resume feedback #27,8.0,17.93,15.96,13.96
This is dummy resume feedback #28,12.71,17.67,19.72,16.7
This is dummy resume feedback #29,13.89,9.79,8.85,10.84
This is dummy resume feedback #30,5.7,17.43,14.81,12.65
This is dummy resume feedback #31,14.11,5.56,7.97,9.21
This is dummy resume feedback #32,7.56,13.94,13.48,11.66
This is dummy resume feedback #33,5.98,8.45,11.96,8.8
This is dummy resume feedback #34,19.23,6.81,19.58,15.21
This is dummy resume feedback #35,19.48,6.15,14.13,13.25
This is dummy resume feedback #36,17.13,15.44,10.24,14.27
This is dummy resume feedback #37,9.57,10.1,6.71,8.79
This is dummy resume feedback #38,6.47,15.87,7.27,9.87
This is dummy resume feedback #39,15.26,5.98,8.38,9.87
This is dummy resume feedback #40,11.6,9.73,8.76,10.03
This is dummy resume feedback #41,6.83,13.09,17.76,12.56
This is dummy resume feedback #42,12.43,16.86,13.42,14.24
This is dummy resume feedback #43,5.52,9.78,12.85,9.38
This is dummy resume feedback #44,18.64,14.39,6.72,13.25
This is dummy resume feedback #45,8.88,18.29,17.9,15.02
This is dummy resume feedback #46,14.94,14.24,15.84,15.01
This is dummy resume feedback #47,9.68,8.49,6.02,8.06
This is dummy resume feedback #48,12.8,5.37,15.62,11.26
This is dummy resume feedback #49,13.2,18.05,13.15,14.8
This is dummy resume feedback #50,7.77,5.32,6.23,6.44
This is dummy resume feedback #51,19.54,18.12,11.87,16.51
This is dummy resume feedback #52,16.63,12.93,12.27,13.94
This is dummy resume feedback #53,19.09,19.09,7.49,15.22
This is dummy resume feedback #54,18.42,16.98,19.19,18.2
This is dummy resume feedback #55,13.97,19.97,17.75,17.23
This is dummy resume feedback #56,18.83,10.26,15.04,14.71
This is dummy resume feedback #57,6.33,16.51,11.93,11.59
This is dummy resume feedback #58,7.94,11.03,11.18,10.05
This is dummy resume feedback #59,5.68,12.2,14.76,10.88
This is dummy resume feedback #60,9.88,14.41,13.18,12.49
This is dummy resume feedback #61,10.83,18.11,5.93,11.62
This is dummy resume feedback #62,9.07,19.76,12.69,13.84
This is dummy resume feedback #63,17.43,16.52,17.1,17.02
This is dummy resume feedback #64,10.35,11.27,11.89,11.17
This is dummy resume feedback #65,9.21,11.32,5.78,8.77
This is dummy resume feedback #66,13.14,16.06,16.79,15.33
This is dummy resume feedback #67,7.11,8.58,8.02,7.9
This is dummy resume feedback #68,17.03,6.66,8.88,10.86
This is dummy resume feedback #69,6.12,10.32,7.47,7.97
This is dummy resume feedback #70,19.8,9.31,9.95,13.02
This is dummy resume feedback #71,16.58,9.44,16.35,14.12
This is dummy resume feedback #72,7.98,8.5,12.79,9.76
This is dummy resume feedback #73,5.08,5.63,8.07,6.26
This is dummy resume feedback #74,17.23,5.27,18.17,13.56
This is dummy resume feedback #75,15.6,19.82,18.19,17.87
This is dummy resume feedback #76,15.94,11.42,18.06,15.14
This is dummy resume feedback #77,16.57,10.76,8.58,11.97
This is dummy resume feedback #78,6.11,15.19,11.77,11.02
This is dummy resume feedback #79,10.38,8.27,19.77,12.81
This is dummy resume feedback #80,6.74,19.25,16.58,14.19
This is dummy resume feedback #81,17.95,16.8,5.41,13.39
This is dummy resume feedback #82,14.35,6.34,5.98,8.89
This is dummy resume feedback #83,9.96,11.26,11.96,11.06
This is dummy resume feedback #84,5.95,18.19,18.64,14.26
This is dummy resume feedback #85,9.66,19.17,13.08,13.97
This is dummy resume feedback #86,9.88,12.01,12.47,11.45
This is dummy resume feedback #87,15.94,14.2,6.58,12.24
This is dummy resume feedback #88,14.56,7.51,14.85,12.31
This is dummy resume feedback #89,18.31,19.87,17.33,18.5
This is dummy resume feedback #90,12.08,8.48,10.71,10.42
This is dummy resume feedback #91,6.79,19.14,16.63,14.19
This is dummy resume feedback #92,15.7,14.74,19.47,16.64
This is dummy resume feedback #93,16.41,14.12,8.06,12.86
This is dummy resume feedback #94,13.42,12.69,12.85,12.99
This is dummy resume feedback #95,16.56,8.46,9.31,11.44
This is dummy resume feedback #96,12.41,7.65,16.89,12.32
This is dummy resume feedback #97,12.84,8.31,13.66,11.6
This is dummy resume feedback #98,11.41,7.8,14.52,11.24
This is dummy resume feedback #99,5.38,16.69,16.97,13.01
This is dummy resume feedback #100,6.62,10.25,10.94,9.27
This is dummy resume feedback #101,5.47,5.87,18.73,10.02
This is dummy resume feedback #102,14.55,19.54,13.0,15.7
This is dummy resume feedback #103,9.72,18.26,7.37,11.78
This is dummy resume feedback #104,12.63,18.92,15.44,15.66
This is dummy resume feedback #105,18.61,19.92,16.9,18.48
This is dummy resume feedback #106,8.74,7.61,9.75,8.7
This is dummy resume feedback #107,11.16,10.94,17.86,13.32
This is dummy resume feedback #108,16.33,16.37,18.59,17.1
This is dummy resume feedback #109,8.43,15.44,9.15,11.01
This is dummy resume feedback #110,6.15,7.31,19.75,11.07
This is dummy resume feedback #111,9.35,17.24,7.11,11.23
This is dummy resume feedback #112,7.42,8.37,8.03,7.94
This is dummy resume feedback #113,18.95,8.36,7.76,11.69
This is dummy resume feedback #114,17.12,13.05,18.41,16.19
This is dummy resume feedback #115,14.5,13.89,14.81,14.4
This is dummy resume feedback #116,18.07,13.7,7.28,13.02
This is dummy resume feedback #117,17.06,6.37,11.6,11.68
This is dummy resume feedback #118,7.8,18.16,14.23,13.4
This is dummy resume feedback #119,18.39,8.98,6.25,11.21
This is dummy resume feedback #120,13.09,6.94,18.24,12.76
This is dummy resume feedback #121,17.11,18.33,17.05,17.5
This is dummy resume feedback #122,18.44,19.33,12.58,16.78
This is dummy resume feedback #123,9.77,17.93,19.51,15.74
This is dummy resume feedback #124,6.65,17.14,11.27,11.69
This is dummy resume feedback #125,8.42,14.83,19.76,14.34
This is dummy resume feedback #126,11.41,13.26,15.02,13.23
This is dummy resume feedback #127,17.27,6.3,14.52,12.7
This is dummy resume feedback #128,17.91,11.13,7.49,12.18
This is dummy resume feedback #129,5.1,10.59,18.23,11.31
This is dummy resume feedback #130,12.66,8.9,11.41,10.99
This is dummy resume feedback #131,11.26,15.85,7.43,11.51
This is dummy resume feedback #132,8.33,12.44,5.19,8.65
This is dummy resume feedback #133,6.8,6.22,13.4,8.81
This is dummy resume feedback #134,10.06,8.3,12.91,10.42
This is dummy resume feedback #135,19.14,15.25,15.79,16.73
This is dummy resume feedback #136,9.85,6.14,18.35,11.45
This is dummy resume feedback #137,12.78,17.77,6.19,12.25
This is dummy resume feedback #138,15.55,12.43,15.97,14.65
This is dummy resume feedback #139,10.45,12.21,7.81,10.16
This is dummy resume feedback #140,19.58,13.89,17.87,17.11
This is dummy resume feedback #141,19.44,17.37,17.29,18.03
This is dummy resume feedback #142,8.78,10.22,13.11,10.7
This is dummy resume feedback #143,12.46,15.17,15.65,14.43
This is dummy resume feedback #144,9.51,13.49,9.72,10.91
This is dummy resume feedback #145,9.27,9.01,12.07,10.12
This is dummy resume feedback #146,5.55,18.18,17.32,13.68
This is dummy resume feedback #147,14.14,16.96,11.89,14.33
This is dummy resume feedback #148,12.54,14.88,10.37,12.6
This is dummy resume feedback #149,5.77,17.76,12.41,11.98
This is dummy resume feedback #150,9.18,18.01,17.42,14.87
This is dummy resume feedback #151,18.62,15.63,10.03,14.76
This is dummy resume feedback #152,8.59,17.56,7.61,11.25
This is dummy resume feedback #153,7.17,15.46,15.68,12.77
This is dummy resume feedback #154,12.34,15.2,17.39,14.98
This is dummy resume feedback #155,19.78,14.28,6.51,13.52
This is dummy resume feedback #156,8.63,16.29,8.6,11.17
This is dummy resume feedback #157,15.08,7.38,7.13,9.86
This is dummy resume feedback #158,16.42,18.21,10.22,14.95
This is dummy resume feedback #159,8.56,18.08,11.76,12.8
This is dummy resume feedback #160,15.92,5.44,16.23,12.53
This is dummy resume feedback #161,10.52,17.39,14.77,14.23
This is dummy resume feedback #162,14.48,6.93,14.31,11.91
This is dummy resume feedback #163,14.5,10.03,10.29,11.61
This is dummy resume feedback #164,13.04,16.15,17.62,15.6
This is dummy resume feedback #165,6.35,7.41,12.07,8.61
This is dummy resume feedback #166,17.53,17.27,19.69,18.16
This is dummy resume feedback #167,9.81,17.48,14.51,13.93
This is dummy resume feedback #168,7.8,12.61,6.89,9.1
This is dummy resume feedback #169,5.61,5.1,15.14,8.62
This is dummy resume feedback #170,13.86,9.31,9.88,11.02
This is dummy resume feedback #171,15.16,14.25,15.29,14.9
This is dummy resume feedback #172,5.25,19.72,6.04,10.34
This is dummy resume feedback #173,12.68,14.48,7.62,11.59
This is dummy resume feedback #174,8.4,8.9,17.84,11.71
This is dummy resume feedback #175,14.68,14.51,8.41,12.53
This is dummy resume feedback #176,7.62,13.1,17.56,12.76
This is dummy resume feedback #177,15.36,16.7,9.19,13.75
This is dummy resume feedback #178,10.8,6.6,14.64,10.68
This is dummy resume feedback #179,19.05,16.42,15.41,16.96
This is dummy resume feedback #180,7.06,13.12,12.69,10.96
This is dummy resume feedback #181,10.12,19.44,9.58,13.05
This is dummy resume feedback #182,6.7,10.13,8.19,8.34
This is dummy resume feedback #183,18.87,14.49,5.5,12.95
This is dummy resume feedback #184,18.16,18.98,9.56,15.57
This is dummy resume feedback #185,8.87,6.54,14.8,10.07
This is dummy resume feedback #186,14.9,19.06,19.07,17.68
This is dummy resume feedback #187,17.26,15.32,18.07,16.88
This is dummy resume feedback #188,13.33,6.02,16.49,11.95
This is dummy resume feedback #189,12.94,9.51,16.83,13.09
This is dummy resume feedback #190,8.63,15.62,14.97,13.07
This is dummy resume feedback #191,6.4,6.01,8.9,7.1
This is dummy resume feedback #192,18.46,13.73,18.61,16.93
This is dummy resume feedback #193,18.51,10.19,15.06,14.59
This is dummy resume feedback #194,14.5,14.31,13.41,14.07
This is dummy resume feedback #195,10.09,5.69,6.66,7.48
This is dummy resume feedback #196,10.24,18.07,11.71,13.34
This is dummy resume feedback #197,15.89,19.6,11.91,15.8
This is dummy resume feedback #198,18.46,19.53,17.97,18.65
This is dummy resume feedback #199,18.31,16.24,13.2,15.92
This is dummy resume feedback #200,16.7,6.95,10.71,11.45
This is dummy resume feedback #201,14.63,16.37,19.65,16.88
This is dummy resume feedback #202,6.26,5.37,6.66,6.1
This is dummy resume feedback #203,7.42,5.33,11.34,8.03
This is dummy resume feedback #204,18.48,9.85,5.63,11.32
This is dummy resume feedback #205,14.1,12.33,16.1,14.18
This is dummy resume feedback #206,5.14,16.56,18.77,13.49
This is dummy resume feedback #207,6.52,15.25,9.2,10.32
This is dummy resume feedback #208,14.95,11.69,17.88,14.84
This is dummy resume feedback #209,5.08,9.1,9.38,7.85
This is dummy resume feedback #210,7.41,19.96,18.66,15.34
This is dummy resume feedback #211,13.23,11.39,16.31,13.64
This is dummy resume feedback #212,15.38,11.77,17.07,14.74
This is dummy resume feedback #213,14.78,7.45,5.27,9.17
This is dummy resume feedback #214,8.36,16.92,19.44,14.91
This is dummy resume feedback #215,15.68,15.41,15.9,15.66
This is dummy resume feedback #216,8.56,8.31,9.57,8.81
This is dummy resume feedback #217,9.88,6.24,17.44,11.19
This is dummy resume feedback #218,16.2,15.21,9.22,13.54
This is dummy resume feedback #219,14.74,14.82,18.09,15.88
This is dummy resume feedback #220,17.74,9.1,6.69,11.18
This is dummy resume feedback #221,14.86,19.26,15.56,16.56
This is dummy resume feedback #222,13.52,7.27,13.11,11.3
This is dummy resume feedback #223,6.41,11.49,6.45,8.12
This is dummy resume feedback #224,10.52,19.15,8.63,12.77
This is dummy resume feedback #225,8.98,11.3,5.19,8.49
This is dummy resume feedback #226,8.66,14.58,12.03,11.76
This is dummy resume feedback #227,19.6,10.96,9.52,13.36
This is dummy resume feedback #228,10.9,9.11,13.98,11.33
This is dummy resume feedback #229,18.38,19.76,9.46,15.87
This is dummy resume feedback #230,14.47,11.14,9.5,11.7
This is dummy resume feedback #231,16.92,18.41,16.15,17.16
This is dummy resume feedback #232,12.54,8.45,5.72,8.9
This is dummy resume feedback #233,13.65,8.2,18.54,13.46
This is dummy resume feedback #234,12.39,5.47,17.78,11.88
This is dummy resume feedback #235,7.93,14.78,15.02,12.58
This is dummy resume feedback #236,15.84,10.53,13.9,13.42
This is dummy resume feedback #237,9.21,17.97,18.38,15.19
This is dummy resume feedback #238,5.36,12.1,7.78,8.41
This is dummy resume feedback #239,14.68,19.52,6.18,13.46
This is dummy resume feedback #240,7.66,7.78,8.59,8.01
This is dummy resume feedback #241,19.11,18.03,16.92,18.02
This is dummy resume feedback #242,19.31,16.65,5.52,13.83
This is dummy resume feedback #243,18.72,16.56,13.74,16.34
This is dummy resume feedback #244,10.55,17.67,19.93,16.05
This is dummy resume feedback #245,5.23,16.42,17.84,13.16
This is dummy resume feedback #246,18.92,14.39,12.82,15.38
This is dummy resume feedback #247,11.42,6.97,5.95,8.11
This is dummy resume feedback #248,19.5,5.49,17.47,14.15
This is dummy resume feedback #249,19.45,18.81,13.98,17.41
This is dummy resume feedback #250,17.8,14.25,6.72,12.92
This is dummy resume feedback #251,9.42,16.95,6.41,10.93
This is dummy resume feedback #252,10.78,12.22,18.64,13.88
This is dummy resume feedback #253,17.77,6.76,15.04,13.19
This is dummy resume feedback #254,9.75,6.88,17.44,11.36
This is dummy resume feedback #255,7.54,15.28,18.18,13.67
This is dummy resume feedback #256,13.35,11.45,13.58,12.79
This is dummy resume feedback #257,19.04,8.01,12.76,13.27
This is dummy resume feedback #258,15.44,12.37,11.46,13.09
This is dummy resume feedback #259,13.55,5.96,9.75,9.75
This is dummy resume feedback #260,6.46,13.73,11.52,10.57
This is dummy resume feedback #261,14.23,9.03,16.61,13.29
This is dummy resume feedback #262,19.85,16.96,14.03,16.95
This is dummy resume feedback #263,7.1,9.66,18.39,11.72
This is dummy resume feedback #264,12.77,11.83,11.65,12.08
This is dummy resume feedback #265,18.16,5.17,14.11,12.48
This is dummy resume feedback #266,16.11,6.09,14.47,12.22
This is dummy resume feedback #267,15.46,10.89,13.88,13.41
This is dummy resume feedback #268,15.54,12.2,15.54,14.43
This is dummy resume feedback #269,10.39,14.0,8.56,10.98
This is dummy resume feedback #270,9.4,9.37,12.69,10.49
This is dummy resume feedback #271,17.14,15.42,6.56,13.04
This is dummy resume feedback #272,17.15,17.9,10.77,15.27
This is dummy resume feedback #273,18.01,16.7,12.32,15.68
This is dummy resume feedback #274,18.7,5.59,14.78,13.02
This is dummy resume feedback #275,12.67,12.21,19.26,14.71
This is dummy resume feedback #276,12.52,6.57,14.01,11.03
This is dummy resume feedback #277,16.97,8.63,16.15,13.92
This is dummy resume feedback #278,14.75,19.8,12.59,15.71
This is dummy resume feedback #279,15.53,7.14,14.51,12.39
This is dummy resume feedback #280,16.94,12.48,6.06,11.83
This is dummy resume feedback #281,18.35,14.27,8.82,13.81
This is dummy resume feedback #282,10.07,15.54,10.43,12.01
This is dummy resume feedback #283,10.63,13.39,12.09,12.04
This is dummy resume feedback #284,6.41,5.15,5.68,5.75
This is dummy resume feedback #285,13.67,9.9,7.1,10.22
This is dummy resume feedback #286,5.54,12.77,9.15,9.15
This is dummy resume feedback #287,11.98,6.32,19.57,12.62
This is dummy resume feedback #288,13.14,10.26,9.97,11.12
This is dummy resume feedback #289,9.3,5.5,12.23,9.01
This is dummy resume feedback #290,13.86,6.18,7.94,9.33
This is dummy resume feedback #291,5.46,10.95,14.16,10.19
This is dummy resume feedback #292,5.56,6.99,9.21,7.25
This is dummy resume feedback #293,17.34,13.51,8.1,12.98
This is dummy resume feedback #294,10.4,15.34,12.75,12.83
This is dummy resume feedback #295,6.91,17.01,5.08,9.67
This is dummy resume feedback #296,12.83,8.0,5.11,8.65
This is dummy resume feedback #297,16.55,7.51,8.29,10.78
This is dummy resume feedback #298,8.24,6.57,5.55,6.79
This is dummy resume feedback #299,14.34,14.55,6.62,11.84
This is dummy resume feedback #300,6.28,15.6,10.08,10.65
This is dummy resume feedback #301,5.78,5.47,17.04,9.43
This is dummy resume feedback #302,12.97,19.04,13.58,15.2
This is dummy resume feedback #303,13.11,5.78,12.69,10.53
This is dummy resume feedback #304,14.56,13.12,9.4,12.36
This is dummy resume feedback #305,15.89,15.64,18.98,16.84
This is dummy resume feedback #306,19.64,18.06,10.96,16.22
This is dummy resume feedback #307,12.74,15.71,6.31,11.59
This is dummy resume feedback #308,9.84,17.03,14.26,13.71
This is dummy resume feedback #309,16.93,10.09,6.71,11.24
This is dummy resume feedback #310,9.06,17.22,10.18,12.15
This is dummy resume feedback #311,11.58,6.2,12.61,10.13
This is dummy resume feedback #312,6.18,18.42,18.11,14.24
This is dummy resume feedback #313,5.38,13.21,12.4,10.33
This is dummy resume feedback #314,19.44,17.26,15.53,17.41
This is dummy resume feedback #315,17.54,11.78,19.89,16.4
This is dummy resume feedback #316,15.44,14.65,6.97,12.35
This is dummy resume feedback #317,11.13,12.9,9.12,11.05
This is dummy resume feedback #318,7.6,15.97,10.92,11.5
This is dummy resume feedback #319,7.35,6.22,11.33,8.3
This is dummy resume feedback #320,8.75,5.91,11.17,8.61
This is dummy resume feedback #321,13.24,8.71,18.61,13.52
This is dummy resume feedback #322,15.72,7.39,15.71,12.94
This is dummy resume feedback #323,14.9,18.08,14.12,15.7
This is dummy resume feedback #324,9.2,8.29,9.64,9.04
This is dummy resume feedback #325,19.32,19.64,17.36,18.77
This is dummy resume feedback #326,16.07,10.05,19.33,15.15
This is dummy resume feedback #327,13.32,7.73,17.32,12.79
This is dummy resume feedback #328,14.18,16.85,5.02,12.02
This is dummy resume feedback #329,11.29,14.88,14.55,13.57
This is dummy resume feedback #330,8.72,12.47,5.77,8.99
This is dummy resume feedback #331,10.34,13.33,8.86,10.84
This is dummy resume feedback #332,16.37,15.79,5.89,12.68
This is dummy resume feedback #333,5.22,8.43,14.06,9.24
This is dummy resume feedback #334,6.74,19.95,15.3,14.0
This is dummy resume feedback #335,5.69,19.62,6.72,10.68
This is dummy resume feedback #336,5.61,14.75,10.76,10.37
This is dummy resume feedback #337,17.83,7.99,11.84,12.55
This is dummy resume feedback #338,15.55,15.2,10.54,13.76
This is dummy resume feedback #339,12.11,6.08,6.82,8.34
This is dummy resume feedback #340,6.47,5.46,11.28,7.74
This is dummy resume feedback #341,12.37,8.87,16.27,12.5
This is dummy resume feedback #342,12.1,11.94,6.07,10.04
This is dummy resume feedback #343,7.6,18.02,6.2,10.61
This is dummy resume feedback #344,11.51,15.91,10.32,12.58
This is dummy resume feedback #345,10.98,16.14,19.13,15.42
This is dummy resume feedback #346,14.24,11.38,15.03,13.55
This is dummy resume feedback #347,14.53,10.19,15.18,13.3
This is dummy resume feedback #348,5.68,10.57,10.43,8.89
This is dummy resume feedback #349,10.62,19.81,13.9,14.78
This is dummy resume feedback #350,14.39,5.6,5.15,8.38
This is dummy resume feedback #351,12.55,18.01,14.54,15.03
This is dummy resume feedback #352,17.85,13.68,18.7,16.74
This is dummy resume feedback #353,14.88,11.58,14.19,13.55
This is dummy resume feedback #354,7.44,15.88,18.11,13.81
This is dummy resume feedback #355,6.06,12.3,15.86,11.41
This is dummy resume feedback #356,14.64,18.1,6.81,13.18
This is dummy resume feedback #357,5.4,18.51,18.54,14.15
This is dummy resume feedback #358,13.79,11.33,6.0,10.37
This is dummy resume feedback #359,19.1,9.15,13.01,13.75
This is dummy resume feedback #360,13.63,13.89,7.13,11.55
This is dummy resume feedback #361,10.82,18.69,5.18,11.56
This is dummy resume feedback #362,14.65,8.16,11.33,11.38
This is dummy resume feedback #363,11.87,14.34,9.43,11.88
This is dummy resume feedback #364,13.18,14.47,12.29,13.31
This is dummy resume feedback #365,19.12,16.0,13.66,16.26
This is dummy resume feedback #366,10.79,6.97,5.66,7.81
This is dummy resume feedback #367,19.42,15.74,6.85,14.0
This is dummy resume feedback #368,18.58,18.64,13.38,16.87
This is dummy resume feedback #369,7.94,7.7,10.15,8.6
This is dummy resume feedback #370,6.04,8.56,15.94,10.18
This is dummy resume feedback #371,6.51,19.57,14.78,13.62
This is dummy resume feedback #372,5.27,7.71,17.68,10.22
This is dummy resume feedback #373,6.42,17.82,15.39,13.21
This is dummy resume feedback #374,15.25,12.38,11.45,13.03
This is dummy resume feedback #375,6.07,8.71,15.09,9.96
This is dummy resume feedback #376,9.78,18.06,9.13,12.32
This is dummy resume feedback #377,17.67,11.68,9.59,12.98
This is dummy resume feedback #378,5.35,12.72,16.83,11.63
This is dummy resume feedback #379,17.22,10.39,11.7,13.1
This is dummy resume feedback #380,9.23,13.89,16.98,13.37
This is dummy resume feedback #381,6.77,7.45,17.34,10.52
This is dummy resume feedback #382,15.45,10.87,17.86,14.73
This is dummy resume feedback #383,14.43,19.54,18.75,17.57
This is dummy resume feedback #384,18.16,8.87,11.46,12.83
This is dummy resume feedback #385,16.03,14.85,9.78,13.55
This is dummy resume feedback #386,17.05,9.88,13.73,13.55
This is dummy resume feedback #387,9.23,16.6,10.57,12.13
This is dummy resume feedback #388,7.66,6.96,14.02,9.55
This is dummy resume feedback #389,16.26,19.55,15.58,17.13
This is dummy resume feedback #390,17.1,11.81,15.33,14.75
This is dummy resume feedback #391,19.86,8.54,10.62,13.01
This is dummy resume feedback #392,11.19,6.1,7.5,8.26
This is dummy resume feedback #393,10.58,7.55,11.46,9.86
This is dummy resume feedback #394,16.65,12.8,7.14,12.2
This is dummy resume feedback #395,10.11,10.06,18.35,12.84
This is dummy resume feedback #396,18.96,17.43,10.19,15.53
This is dummy resume feedback #397,17.88,11.46,7.32,12.22
This is dummy resume feedback #398,11.43,8.73,5.38,8.51
This is dummy resume feedback #399,16.26,14.26,14.69,15.07
This is dummy resume feedback #400,16.32,15.6,14.55,15.49
This is dummy resume feedback #401,6.55,7.51,10.11,8.06
This is dummy resume feedback #402,18.54,7.51,6.08,10.71
This is dummy resume feedback #403,12.58,5.55,11.14,9.76
This is dummy resume feedback #404,17.4,16.05,9.67,14.37
This is dummy resume feedback #405,9.8,14.96,15.16,13.31
This is dummy resume feedback #406,18.43,12.12,14.09,14.88
This is dummy resume feedback #407,10.84,17.66,10.47,12.99
This is dummy resume feedback #408,5.16,17.09,8.27,10.17
This is dummy resume feedback #409,18.58,13.78,19.82,17.39
This is dummy resume feedback #410,6.37,18.02,11.81,12.07
This is dummy resume feedback #411,9.79,8.09,15.32,11.07
This is dummy resume feedback #412,19.25,6.68,7.11,11.01
This is dummy resume feedback #413,19.26,9.05,12.28,13.53
This is dummy resume feedback #414,13.6,5.86,5.41,8.29
This is dummy resume feedback #415,14.48,12.97,12.58,13.34
This is dummy resume feedback #416,11.73,19.05,19.46,16.75
This is dummy resume feedback #417,9.4,5.59,10.76,8.58
This is dummy resume feedback #418,9.93,6.83,5.58,7.45
This is dummy resume feedback #419,15.09,11.78,5.46,10.78
This is dummy resume feedback #420,16.29,19.01,10.82,15.37
This is dummy resume feedback #421,16.87,9.74,7.4,11.34
This is dummy resume feedback #422,16.84,12.61,5.35,11.6
This is dummy resume feedback #423,6.37,5.62,16.34,9.44
This is dummy resume feedback #424,12.42,7.23,11.88,10.51
This is dummy resume feedback #425,5.86,19.8,9.34,11.67
This is dummy resume feedback #426,13.24,19.48,18.5,17.07
This is dummy resume feedback #427,11.62,5.07,6.74,7.81
This is dummy resume feedback #428,18.32,19.28,19.34,18.98
This is dummy resume feedback #429,10.26,14.59,9.71,11.52
This is dummy resume feedback #430,6.76,18.02,18.33,14.37
This is dummy resume feedback #431,7.14,11.82,14.04,11.0
This is dummy resume feedback #432,16.42,12.73,17.4,15.52
This is dummy resume feedback #433,14.27,12.33,19.76,15.45
This is dummy resume feedback #434,6.52,15.0,9.33,10.28
This is dummy resume feedback #435,6.26,7.09,19.42,10.92
This is dummy resume feedback #436,15.51,5.45,10.84,10.6
This is dummy resume feedback #437,6.09,9.62,10.78,8.83
This is dummy resume feedback #438,17.33,15.57,10.11,14.34
This is dummy resume feedback #439,15.59,8.03,13.12,12.25
This is dummy resume feedback #440,6.22,15.1,7.31,9.54
This is dummy resume feedback #441,6.27,19.55,13.31,13.04
This is dummy resume feedback #442,19.8,6.41,13.13,13.11
This is dummy resume feedback #443,10.61,15.09,16.43,14.04
This is dummy resume feedback #444,10.56,11.66,17.5,13.24
This is dummy resume feedback #445,17.19,18.02,11.61,15.61
This is dummy resume feedback #446,19.21,7.66,9.53,12.13
This is dummy resume feedback #447,19.79,15.39,8.89,14.69
This is dummy resume feedback #448,16.3,17.57,7.92,13.93
This is dummy resume feedback #449,10.64,19.17,5.86,11.89
This is dummy resume feedback #450,6.25,15.25,10.14,10.55
This is dummy resume feedback #451,16.66,12.46,9.05,12.72
This is dummy resume feedback #452,13.38,14.27,19.5,15.72
This is dummy resume feedback #453,11.36,18.03,13.37,14.25
This is dummy resume feedback #454,18.6,13.56,10.21,14.12
This is dummy resume feedback #455,6.67,5.46,13.71,8.61
This is dummy resume feedback #456,12.39,18.96,7.09,12.81
This is dummy resume feedback #457,5.17,15.34,11.66,10.72
This is dummy resume feedback #458,12.03,15.15,14.39,13.86
This is dummy resume feedback #459,5.84,8.24,12.33,8.8
This is dummy resume feedback #460,6.78,14.88,11.03,10.9
This is dummy resume feedback #461,6.76,10.91,19.91,12.53
This is dummy resume feedback #462,14.74,14.77,18.2,15.9
This is dummy resume feedback #463,16.19,6.6,14.35,12.38
This is dummy resume feedback #464,13.75,14.87,13.54,14.05
This is dummy resume feedback #465,19.43,19.99,14.31,17.91
This is dummy resume feedback #466,10.62,5.72,8.02,8.12
This is dummy resume feedback #467,9.29,19.66,10.93,13.29
This is dummy resume feedback #468,18.03,11.1,5.59,11.57
This is dummy resume feedback #469,8.35,18.06,12.13,12.85
This is dummy resume feedback #470,19.45,16.74,13.15,16.45
This is dummy resume feedback #471,5.18,13.51,8.42,9.04
This is dummy resume feedback #472,19.55,16.08,19.46,18.36
This is dummy resume feedback #473,5.65,18.18,18.64,14.16
This is dummy resume feedback #474,18.37,11.06,15.83,15.09
This is dummy resume feedback #475,12.92,9.91,13.0,11.94
This is dummy resume feedback #476,19.89,15.01,18.05,17.65
This is dummy resume feedback #477,6.11,17.12,6.96,10.06
This is dummy resume feedback #478,13.31,16.43,16.86,15.53
This is dummy resume feedback #479,19.54,16.97,6.87,14.46
This is dummy resume feedback #480,12.85,11.53,16.91,13.76
This is dummy resume feedback #481,14.44,17.27,9.14,13.62
This is dummy resume feedback #482,15.44,6.8,18.16,13.47
This is dummy resume feedback #483,11.82,13.17,19.16,14.72
This is dummy resume feedback #484,14.41,5.09,7.23,8.91
This is dummy resume feedback #485,13.76,9.87,11.94,11.86
This is dummy resume feedback #486,18.52,10.5,19.71,16.24
This is dummy resume feedback #487,5.68,10.94,12.25,9.62
This is dummy resume feedback #488,9.21,15.43,17.95,14.2
This is dummy resume feedback #489,19.26,10.83,13.83,14.64
This is dummy resume feedback #490,18.35,11.73,10.63,13.57
This is dummy resume feedback #491,11.83,8.56,9.29,9.89
This is dummy resume feedback #492,14.3,10.6,8.05,10.98
This is dummy resume feedback #493,9.16,8.41,16.43,11.33
This is dummy resume feedback #494,7.82,6.1,10.8,8.24
This is dummy resume feedback #495,11.96,14.05,12.67,12.89
This is dummy resume feedback #496,10.3,15.02,12.38,12.57
This is dummy resume feedback #497,13.75,14.29,13.66,13.9
This is dummy resume feedback #498,6.17,11.95,17.98,12.03
This is dummy resume feedback #499,19.62,10.7,19.71,16.68
This is dummy resume feedback #500,19.79,17.95,11.11,16.28
This is dummy resume feedback #501,15.47,12.79,17.41,15.22
This is dummy resume feedback #502,13.04,12.19,16.47,13.9
This is dummy resume feedback #503,9.64,5.38,13.6,9.54
This is dummy resume feedback #504,17.21,10.12,19.34,15.56
This is dummy resume feedback #505,15.27,10.7,8.01,11.33
This is dummy resume feedback #506,7.44,10.98,6.64,8.35
This is dummy resume feedback #507,18.66,13.7,17.81,16.72
This is dummy resume feedback #508,17.34,13.0,11.59,13.98
This is dummy resume feedback #509,19.25,14.12,17.7,17.02
This is dummy resume feedback #510,15.89,16.47,18.4,16.92
This is dummy resume feedback #511,14.2,17.19,5.94,12.44
This is dummy resume feedback #512,11.27,15.77,18.25,15.1
This is dummy resume feedback #513,18.99,19.33,11.72,16.68
This is dummy resume feedback #514,17.99,5.27,12.66,11.97
This is dummy resume feedback #515,5.68,7.94,14.4,9.34
This is dummy resume feedback #516,5.4,5.11,18.9,9.8
This is dummy resume feedback #517,10.65,14.71,5.29,10.22
This is dummy resume feedback #518,17.16,18.47,12.15,15.93
This is dummy resume feedback #519,19.81,8.65,15.32,14.59
This is dummy resume feedback #520,7.26,18.91,15.84,14.0
This is dummy resume feedback #521,13.91,5.9,15.39,11.73
This is dummy resume feedback #522,10.71,19.02,7.02,12.25
This is dummy resume feedback #523,19.55,10.27,9.49,13.1
This is dummy resume feedback #524,17.63,6.52,10.38,11.51
This is dummy resume feedback #525,17.57,12.29,17.07,15.64
This is dummy resume feedback #526,12.03,8.85,9.18,10.02
This is dummy resume feedback #527,11.22,9.27,8.16,9.55
This is dummy resume feedback #528,9.1,9.61,19.36,12.69
This is dummy resume feedback #529,5.85,17.05,5.13,9.34
This is dummy resume feedback #530,17.97,13.09,19.97,17.01
This is dummy resume feedback #531,17.19,9.67,15.15,14.0
This is dummy resume feedback #532,20.0,14.16,17.43,17.2
This is dummy resume feedback #533,19.95,15.74,9.42,15.04
This is dummy resume feedback #534,13.33,9.09,5.21,9.21
This is dummy resume feedback #535,16.53,11.2,16.07,14.6
This is dummy resume feedback #536,19.17,6.83,17.51,14.5
This is dummy resume feedback #537,17.74,7.72,16.11,13.86
This is dummy resume feedback #538,8.71,15.22,7.14,10.36
This is dummy resume feedback #539,11.76,7.72,16.3,11.93
This is dummy resume feedback #540,6.94,12.88,16.53,12.12
This is dummy resume feedback #541,19.31,15.64,14.88,16.61
This is dummy resume feedback #542,14.09,6.6,16.49,12.39
This is dummy resume feedback #543,8.43,13.51,17.69,13.21
This is dummy resume feedback #544,15.08,8.85,14.2,12.71
This is dummy resume feedback #545,14.27,19.44,6.33,13.35
This is dummy resume feedback #546,10.37,12.25,12.31,11.64
This is dummy resume feedback #547,6.7,17.09,6.16,9.98
This is dummy resume feedback #548,15.07,13.25,11.11,13.14
This is dummy resume feedback #549,12.8,5.65,11.11,9.85
This is dummy resume feedback #550,16.58,14.5,5.99,12.36
This is dummy resume feedback #551,12.8,19.27,10.23,14.1
This is dummy resume feedback #552,17.78,14.02,6.66,12.82
This is dummy resume feedback #553,13.28,17.29,17.12,15.9
This is dummy resume feedback #554,13.41,18.26,19.22,16.96
This is dummy resume feedback #555,18.15,8.42,6.08,10.88
This is dummy resume feedback #556,11.05,8.18,19.33,12.85
This is dummy resume feedback #557,7.01,14.16,12.84,11.34
This is dummy resume feedback #558,5.43,11.17,9.49,8.7
This is dummy resume feedback #559,16.33,17.6,6.15,13.36
This is dummy resume feedback #560,14.3,18.5,12.51,15.1
This is dummy resume feedback #561,15.56,10.3,16.92,14.26
This is dummy resume feedback #562,8.19,8.55,15.61,10.78
This is dummy resume feedback #563,7.05,16.71,5.75,9.84
This is dummy resume feedback #564,5.22,9.12,6.09,6.81
This is dummy resume feedback #565,10.26,17.34,11.04,12.88
This is dummy resume feedback #566,13.85,11.36,9.43,11.55
This is dummy resume feedback #567,10.88,15.01,8.49,11.46
This is dummy resume feedback #568,11.56,6.43,9.22,9.07
This is dummy resume feedback #569,18.56,14.36,17.05,16.66
This is dummy resume feedback #570,10.22,11.78,18.94,13.65
This is dummy resume feedback #571,12.71,13.8,11.08,12.53
This is dummy resume feedback #572,16.75,7.52,18.59,14.29
This is dummy resume feedback #573,10.95,16.05,9.82,12.27
This is dummy resume feedback #574,14.33,17.94,12.15,14.81
This is dummy resume feedback #575,17.94,8.25,8.39,11.53
This is dummy resume feedback #576,19.24,6.44,14.61,13.43
This is dummy resume feedback #577,7.21,5.35,19.68,10.75
This is dummy resume feedback #578,18.9,14.63,14.05,15.86
This is dummy resume feedback #579,12.38,14.11,10.37,12.29
This is dummy resume feedback #580,8.87,13.2,14.72,12.26
This is dummy resume feedback #581,11.89,8.48,6.84,9.07
This is dummy resume feedback #582,19.7,10.86,18.33,16.3
This is dummy resume feedback #583,12.39,13.92,12.55,12.95
This is dummy resume feedback #584,9.93,12.45,11.74,11.37
This is dummy resume feedback #585,14.5,19.82,13.79,16.04
This is dummy resume feedback #586,8.6,7.05,14.37,10.01
This is dummy resume feedback #587,6.14,15.43,6.08,9.22
This is dummy resume feedback #588,6.93,11.06,15.24,11.08
This is dummy resume feedback #589,6.92,11.42,8.63,8.99
This is dummy resume feedback #590,7.28,15.76,15.71,12.92
This is dummy resume feedback #591,7.08,15.39,17.34,13.27
This is dummy resume feedback #592,14.61,19.87,17.06,17.18
This is dummy resume feedback #593,7.73,6.93,13.29,9.32
This is dummy resume feedback #594,10.19,6.56,12.8,9.85
This is dummy resume feedback #595,18.45,15.87,7.14,13.82
This is dummy resume feedback #596,12.11,13.68,16.63,14.14
This is dummy resume feedback #597,15.01,9.11,9.07,11.06
This is dummy resume feedback #598,7.58,6.19,12.45,8.74
This is dummy resume feedback #599,7.88,6.28,9.26,7.81
This is dummy resume feedback #600,5.61,18.41,7.01,10.34
This is dummy resume feedback #601,7.53,7.88,14.44,9.95
This is dummy resume feedback #602,9.18,9.85,5.81,8.28
This is dummy resume feedback #603,7.66,8.4,16.23,10.76
This is dummy resume feedback #604,6.33,10.32,9.76,8.8
This is dummy resume feedback #605,6.81,6.04,5.0,5.95
This is dummy resume feedback #606,11.91,12.79,12.67,12.46
This is dummy resume feedback #607,8.1,6.01,5.7,6.6
This is dummy resume feedback #608,10.46,17.01,9.14,12.2
This is dummy resume feedback #609,12.55,8.51,15.6,12.22
This is dummy resume feedback #610,15.36,13.1,5.94,11.47
This is dummy resume feedback #611,5.59,18.2,17.59,13.79
This is dummy resume feedback #612,16.99,14.76,5.06,12.27
This is dummy resume feedback #613,14.42,12.99,8.7,12.04
This is dummy resume feedback #614,6.23,9.87,16.11,10.74
This is dummy resume feedback #615,18.1,10.0,9.74,12.61
This is dummy resume feedback #616,18.81,15.04,6.53,13.46
This is dummy resume feedback #617,5.92,19.91,10.4,12.08
This is dummy resume feedback #618,9.15,14.93,9.06,11.05
This is dummy resume feedback #619,17.09,13.37,17.64,16.03
This is dummy resume feedback #620,16.22,15.96,9.7,13.96
This is dummy resume feedback #621,7.77,11.98,16.83,12.19
This is dummy resume feedback #622,8.14,5.9,18.38,10.81
This is dummy resume feedback #623,10.56,13.43,11.51,11.83
This is dummy resume feedback #624,12.27,19.36,18.65,16.76
This is dummy resume feedback #625,14.27,7.63,10.66,10.85
This is dummy resume feedback #626,10.53,15.35,19.46,15.11
This is dummy resume feedback #627,11.94,8.01,6.34,8.76
This is dummy resume feedback #628,16.21,13.04,15.31,14.85
This is dummy resume feedback #629,5.55,6.45,12.41,8.14
This is dummy resume feedback #630,8.79,11.76,10.81,10.45
This is dummy resume feedback #631,15.7,16.34,14.49,15.51
This is dummy resume feedback #632,18.43,10.21,15.56,14.73
This is dummy resume feedback #633,12.68,14.97,5.07,10.91
This is dummy resume feedback #634,12.98,16.93,7.5,12.47
This is dummy resume feedback #635,6.61,18.91,15.7,13.74
This is dummy resume feedback #636,11.71,8.52,15.0,11.74
This is dummy resume feedback #637,12.99,10.99,19.49,14.49
This is dummy resume feedback #638,8.64,7.29,16.42,10.78
This is dummy resume feedback #639,9.04,19.89,19.26,16.06
This is dummy resume feedback #640,10.66,18.91,15.54,15.04
This is dummy resume feedback #641,5.3,13.1,9.47,9.29
This is dummy resume feedback #642,9.83,17.63,6.58,11.35
This is dummy resume feedback #643,8.17,12.81,16.73,12.57
This is dummy resume feedback #644,9.91,14.35,14.66,12.97
This is dummy resume feedback #645,6.8,6.34,5.72,6.29
This is dummy resume feedback #646,18.36,16.33,10.4,15.03
This is dummy resume feedback #647,13.9,6.92,19.35,13.39
This is dummy resume feedback #648,15.19,17.39,12.51,15.03
This is dummy resume feedback #649,16.84,16.73,11.49,15.02
This is dummy resume feedback #650,12.48,15.63,11.87,13.33
This is dummy resume feedback #651,6.3,5.54,8.13,6.66
This is dummy resume feedback #652,13.06,9.55,10.53,11.05
This is dummy resume feedback #653,13.8,8.95,10.55,11.1
This is dummy resume feedback #654,16.18,10.4,5.79,10.79
This is dummy resume feedback #655,11.47,6.31,16.51,11.43
This is dummy resume feedback #656,6.91,19.05,11.25,12.4
This is dummy resume feedback #657,9.26,13.31,17.33,13.3
This is dummy resume feedback #658,10.45,9.58,17.76,12.6
This is dummy resume feedback #659,14.69,10.95,8.18,11.27
This is dummy resume feedback #660,13.56,11.71,14.86,13.38
This is dummy resume feedback #661,10.34,14.01,12.08,12.14
This is dummy resume feedback #662,19.8,12.74,18.2,16.91
This is dummy resume feedback #663,14.09,18.79,8.24,13.71
This is dummy resume feedback #664,8.56,12.45,15.17,12.06
This is dummy resume feedback #665,6.53,19.88,14.12,13.51
This is dummy resume feedback #666,7.29,17.77,9.43,11.5
This is dummy resume feedback #667,8.69,8.13,7.05,7.96
This is dummy resume feedback #668,7.41,18.96,14.77,13.71
This is dummy resume feedback #669,7.8,6.75,16.08,10.21
This is dummy resume feedback #670,9.28,17.26,9.73,12.09
This is dummy resume feedback #671,7.6,10.71,14.67,10.99
This is dummy resume feedback #672,18.45,18.17,10.93,15.85
This is dummy resume feedback #673,6.2,18.02,15.7,13.31
This is dummy resume feedback #674,12.87,17.09,7.99,12.65
This is dummy resume feedback #675,11.16,16.85,18.35,15.45
This is dummy resume feedback #676,19.74,9.57,9.31,12.87
This is dummy resume feedback #677,6.68,6.21,10.52,7.8
This is dummy resume feedback #678,10.97,11.04,5.87,9.29
This is dummy resume feedback #679,19.54,7.6,6.67,11.27
This is dummy resume feedback #680,17.98,15.42,12.74,15.38
This is dummy resume feedback #681,17.26,10.19,9.01,12.15
This is dummy resume feedback #682,8.87,19.63,17.53,15.34
This is dummy resume feedback #683,7.56,14.61,5.22,9.13
This is dummy resume feedback #684,15.03,17.34,10.69,14.35
This is dummy resume feedback #685,18.94,6.99,10.06,12.0
This is dummy resume feedback #686,13.35,17.93,5.29,12.19
This is dummy resume feedback #687,13.57,18.84,6.87,13.09
This is dummy resume feedback #688,9.2,12.31,11.2,10.9
This is dummy resume feedback #689,16.54,14.09,12.39,14.34
This is dummy resume feedback #690,7.81,16.47,11.06,11.78
This is dummy resume feedback #691,9.86,7.62,12.96,10.15
This is dummy resume feedback #692,11.38,12.54,13.93,12.62
This is dummy resume feedback #693,12.61,10.98,5.15,9.58
This is dummy resume feedback #694,8.64,7.2,11.96,9.27
This is dummy resume feedback #695,6.72,10.51,19.45,12.23
This is dummy resume feedback #696,14.16,6.02,12.79,10.99
This is dummy resume feedback #697,9.33,5.39,15.16,9.96
This is dummy resume feedback #698,13.72,7.03,9.68,10.14
This is dummy resume feedback #699,7.32,19.45,16.61,14.46
This is dummy resume feedback #700,12.22,13.24,16.59,14.02
This is dummy resume feedback #701,12.99,19.49,12.82,15.1
This is dummy resume feedback #702,5.78,11.49,19.64,12.3
This is dummy resume feedback #703,10.05,9.68,6.88,8.87
This is dummy resume feedback #704,7.02,12.59,5.25,8.29
This is dummy resume feedback #705,5.95,11.59,16.55,11.36
This is dummy resume feedback #706,19.85,6.58,17.11,14.51
This is dummy resume feedback #707,9.84,14.61,6.8,10.42
This is dummy resume feedback #708,17.15,8.24,8.98,11.46
This is dummy resume feedback #709,8.82,14.29,5.26,9.46
This is dummy resume feedback #710,15.22,14.75,9.4,13.12
This is dummy resume feedback #711,16.4,7.28,16.6,13.43
This is dummy resume feedback #712,13.93,5.92,12.77,10.87
This is dummy resume feedback #713,12.07,16.71,10.22,13.0
This is dummy resume feedback #714,11.18,11.9,10.58,11.22
This is dummy resume feedback #715,10.23,5.87,5.02,7.04
This is dummy resume feedback #716,18.94,19.92,9.5,16.12
This is dummy resume feedback #717,17.46,5.87,14.7,12.68
This is dummy resume feedback #718,19.48,15.43,19.61,18.17
This is dummy resume feedback #719,6.86,19.76,17.71,14.78
This is dummy resume feedback #720,15.96,8.59,5.35,9.97
This is dummy resume feedback #721,19.08,7.13,18.48,14.9
This is dummy resume feedback #722,7.72,6.82,16.75,10.43
This is dummy resume feedback #723,6.0,9.55,16.71,10.75
This is dummy resume feedback #724,16.12,6.52,11.87,11.5
This is dummy resume feedback #725,13.62,15.38,10.97,13.32
This is dummy resume feedback #726,17.63,5.93,9.54,11.03
This is dummy resume feedback #727,7.1,12.64,5.99,8.58
This is dummy resume feedback #728,16.93,19.95,8.42,15.1
This is dummy resume feedback #729,8.02,17.21,8.7,11.31
This is dummy resume feedback #730,7.45,14.23,12.26,11.31
This is dummy resume feedback #731,7.46,9.59,16.21,11.09
This is dummy resume feedback #732,17.22,14.36,12.11,14.56
This is dummy resume feedback #733,14.98,12.91,5.87,11.25
This is dummy resume feedback #734,12.85,11.39,19.37,14.54
This is dummy resume feedback #735,10.38,6.96,19.14,12.16
This is dummy resume feedback #736,18.16,18.3,16.78,17.75
This is dummy resume feedback #737,10.89,11.75,19.87,14.17
This is dummy resume feedback #738,17.25,7.92,13.17,12.78
This is dummy resume feedback #739,11.59,10.52,19.44,13.85
This is dummy resume feedback #740,10.65,11.21,6.13,9.33
This is dummy resume feedback #741,11.94,17.41,10.49,13.28
This is dummy resume feedback #742,9.52,16.0,8.38,11.3
This is dummy resume feedback #743,16.21,16.54,7.94,13.56
This is dummy resume feedback #744,12.54,5.17,7.11,8.27
This is dummy resume feedback #745,8.48,11.24,14.34,11.35
This is dummy resume feedback #746,18.49,12.22,16.72,15.81
This is dummy resume feedback #747,10.76,5.29,13.67,9.91
This is dummy resume feedback #748,13.15,8.9,7.2,9.75
This is dummy resume feedback #749,18.6,16.4,17.17,17.39
This is dummy resume feedback #750,14.36,7.06,14.54,11.99
This is dummy resume feedback #751,6.75,13.03,10.82,10.2
This is dummy resume feedback #752,19.1,8.23,15.11,14.15
This is dummy resume feedback #753,14.42,5.18,8.9,9.5
This is dummy resume feedback #754,10.02,8.62,10.18,9.61
This is dummy resume feedback #755,7.09,19.64,18.76,15.16
This is dummy resume feedback #756,16.91,17.02,9.36,14.43
This is dummy resume feedback #757,14.3,19.39,12.05,15.25
This is dummy resume feedback #758,13.0,12.32,18.35,14.56
This is dummy resume feedback #759,18.41,6.65,15.62,13.56
This is dummy resume feedback #760,16.83,13.22,5.93,11.99
This is dummy resume feedback #761,7.28,11.82,7.21,8.77
This is dummy resume feedback #762,9.68,17.67,5.12,10.82
This is dummy resume feedback #763,8.73,6.47,14.46,9.89
This is dummy resume feedback #764,16.16,12.32,11.72,13.4
This is dummy resume feedback #765,5.5,7.25,7.01,6.59
This is dummy resume feedback #766,13.55,9.87,19.37,14.26
This is dummy resume feedback #767,16.44,16.06,12.94,15.15
This is dummy resume feedback #768,18.15,12.14,8.63,12.97
This is dummy resume feedback #769,10.13,10.64,12.51,11.09
This is dummy resume feedback #770,17.32,10.92,15.19,14.48
This is dummy resume feedback #771,6.66,11.89,6.14,8.23
This is dummy resume feedback #772,17.7,16.78,9.12,14.53
This is dummy resume feedback #773,6.91,18.38,17.1,14.13
This is dummy resume feedback #774,10.96,19.33,11.89,14.06
This is dummy resume feedback #775,16.96,16.8,13.2,15.65
This is dummy resume feedback #776,7.25,9.73,11.49,9.49
This is dummy resume feedback #777,8.44,15.32,5.66,9.81
This is dummy resume feedback #778,15.83,11.56,7.49,11.63
This is dummy resume feedback #779,15.8,8.82,11.68,12.1
This is dummy resume feedback #780,14.62,17.61,8.14,13.46
This is dummy resume feedback #781,15.41,5.58,5.75,8.91
This is dummy resume feedback #782,13.14,18.53,17.65,16.44
This is dummy resume feedback #783,8.78,11.92,19.72,13.47
This is dummy resume feedback #784,10.19,14.56,16.9,13.88
This is dummy resume feedback #785,7.72,14.89,17.81,13.47
This is dummy resume feedback #786,18.63,18.43,8.63,15.23
This is dummy resume feedback #787,13.75,14.55,19.41,15.9
This is dummy resume feedback #788,11.01,14.21,7.95,11.06
This is dummy resume feedback #789,11.93,6.0,19.27,12.4
This is dummy resume feedback #790,19.21,12.78,19.92,17.3
This is dummy resume feedback #791,7.3,7.25,15.68,10.08
This is dummy resume feedback #792,13.79,16.06,19.72,16.52
This is dummy resume feedback #793,12.59,12.68,13.54,12.94
This is dummy resume feedback #794,14.17,15.2,8.89,12.75
This is dummy resume feedback #795,5.27,5.63,11.55,7.48
This is dummy resume feedback #796,18.08,6.27,13.9,12.75
This is dummy resume feedback #797,18.98,15.74,6.1,13.61
This is dummy resume feedback #798,13.48,6.08,14.34,11.3
This is dummy resume feedback #799,15.45,6.07,19.72,13.75
This is dummy resume feedback #800,18.84,5.18,7.85,10.62
This is dummy resume feedback #801,15.61,19.35,16.89,17.28
This is dummy resume feedback #802,7.29,16.06,18.62,13.99
This is dummy resume feedback #803,13.64,10.3,19.16,14.37
This is dummy resume feedback #804,14.1,9.45,19.4,14.32
This is dummy resume feedback #805,11.36,10.25,12.82,11.48
This is dummy resume feedback #806,16.05,16.62,19.66,17.44
This is dummy resume feedback #807,19.02,14.92,16.36,16.77
This is dummy resume feedback #808,18.88,7.78,7.43,11.36
This is dummy resume feedback #809,11.76,7.61,12.15,10.51
This is dummy resume feedback #810,6.7,6.48,15.77,9.65
This is dummy resume feedback #811,19.77,14.9,8.71,14.46
This is dummy resume feedback #812,17.58,16.47,14.61,16.22
This is dummy resume feedback #813,6.87,8.98,15.0,10.28
This is dummy resume feedback #814,18.81,5.31,7.44,10.52
This is dummy resume feedback #815,18.05,6.23,13.48,12.59
This is dummy resume feedback #816,12.78,19.52,16.57,16.29
This is dummy resume feedback #817,13.87,9.43,12.48,11.93
This is dummy resume feedback #818,10.99,16.54,5.18,10.9
This is dummy resume feedback #819,5.82,14.37,5.14,8.44
This is dummy resume feedback #820,10.03,10.73,10.36,10.37
This is dummy resume feedback #821,17.04,8.09,18.89,14.67
This is dummy resume feedback #822,5.07,6.82,8.43,6.77
This is dummy resume feedback #823,10.0,14.23,14.52,12.92
This is dummy resume feedback #824,10.97,16.62,8.33,11.97
This is dummy resume feedback #825,13.06,14.66,9.83,12.52
This is dummy resume feedback #826,18.8,12.95,17.72,16.49
This is dummy resume feedback #827,10.2,5.63,15.93,10.59
This is dummy resume feedback #828,10.2,19.53,6.43,12.05
This is dummy resume feedback #829,16.06,16.98,11.43,14.82
This is dummy resume feedback #830,11.78,9.39,5.44,8.87
This is dummy resume feedback #831,8.37,19.7,12.21,13.43
This is dummy resume feedback #832,11.79,14.03,14.94,13.59
This is dummy resume feedback #833,7.11,13.74,6.78,9.21
This is dummy resume feedback #834,7.65,16.22,9.33,11.07
This is dummy resume feedback #835,12.48,17.18,10.97,13.54
This is dummy resume feedback #836,11.28,14.85,18.79,14.97
This is dummy resume feedback #837,18.72,6.92,19.9,15.18
This is dummy resume feedback #838,10.44,10.07,5.67,8.73
This is dummy resume feedback #839,13.71,18.92,16.42,16.35
This is dummy resume feedback #840,14.48,8.37,10.58,11.14
This is dummy resume feedback #841,5.2,10.58,10.89,8.89
This is dummy resume feedback #842,14.95,11.48,16.31,14.25
This is dummy resume feedback #843,7.67,11.59,18.78,12.68
This is dummy resume feedback #844,19.42,14.19,19.26,17.62
This is dummy resume feedback #845,7.23,19.15,13.66,13.35
This is dummy resume feedback #846,11.22,8.61,10.36,10.06
This is dummy resume feedback #847,6.28,6.82,16.81,9.97
This is dummy resume feedback #848,19.95,7.96,8.77,12.23
This is dummy resume feedback #849,12.53,18.3,13.46,14.76
This is dummy resume feedback #850,13.93,14.69,10.38,13.0
This is dummy resume feedback #851,6.01,9.29,14.85,10.05
This is dummy resume feedback #852,16.25,17.24,8.61,14.03
This is dummy resume feedback #853,8.15,17.92,7.87,11.31
This is dummy resume feedback #854,18.47,17.7,18.77,18.31
This is dummy resume feedback #855,8.08,18.78,6.53,11.13
This is dummy resume feedback #856,7.86,8.78,12.59,9.74
This is dummy resume feedback #857,5.55,16.33,8.31,10.06
This is dummy resume feedback #858,12.08,11.91,5.58,9.86
This is dummy resume feedback #859,13.47,17.63,5.54,12.21
This is dummy resume feedback #860,5.99,15.93,7.63,9.85
This is dummy resume feedback #861,16.63,16.65,18.0,17.09
This is dummy resume feedback #862,11.8,14.84,9.24,11.96
This is dummy resume feedback #863,12.87,7.66,19.26,13.26
This is dummy resume feedback #864,11.61,13.18,13.72,12.84
This is dummy resume feedback #865,11.01,19.77,11.55,14.11
This is dummy resume feedback #866,13.39,19.06,13.7,15.38
This is dummy resume feedback #867,7.33,5.65,12.75,8.58
This is dummy resume feedback #868,7.73,7.47,16.38,10.53
This is dummy resume feedback #869,17.93,6.98,9.24,11.38
This is dummy resume feedback #870,19.19,15.89,10.3,15.13
This is dummy resume feedback #871,10.6,17.27,18.41,15.43
This is dummy resume feedback #872,9.06,8.2,19.2,12.15
This is dummy resume feedback #873,14.66,12.59,18.39,15.21
This is dummy resume feedback #874,11.13,17.61,11.29,13.34
This is dummy resume feedback #875,5.38,15.99,16.71,12.69
This is dummy resume feedback #876,7.34,13.13,12.15,10.87
This is dummy resume feedback #877,15.74,13.86,12.46,14.02
This is dummy resume feedback #878,14.88,12.63,8.07,11.86
This is dummy resume feedback #879,5.41,9.46,13.87,9.58
This is dummy resume feedback #880,8.33,13.48,7.79,9.87
This is dummy resume feedback #881,8.47,15.33,9.97,11.26
This is dummy resume feedback #882,15.08,18.1,17.83,17.0
This is dummy resume feedback #883,5.3,14.54,8.11,9.32
This is dummy resume feedback #884,6.56,16.42,6.07,9.68
This is dummy resume feedback #885,17.0,7.4,6.04,10.15
This is dummy resume feedback #886,7.68,11.92,19.11,12.9
This is dummy resume feedback #887,14.79,5.14,12.6,10.84
This is dummy resume feedback #888,8.57,8.7,11.14,9.47
This is dummy resume feedback #889,6.49,15.9,17.16,13.18
This is dummy resume feedback #890,8.65,19.88,17.54,15.36
This is dummy resume feedback #891,15.83,6.49,9.98,10.77
This is dummy resume feedback #892,17.84,11.02,15.4,14.75
This is dummy resume feedback #893,17.45,17.0,16.57,17.01
This is dummy resume feedback #894,10.96,8.06,14.82,11.28
This is dummy resume feedback #895,15.02,13.33,7.27,11.87
This is dummy resume feedback #896,8.07,16.0,18.14,14.07
This is dummy resume feedback #897,9.4,14.24,13.09,12.24
This is dummy resume feedback #898,18.45,7.82,9.24,11.84
This is dummy resume feedback #899,5.2,10.33,11.38,8.97
This is dummy resume feedback #900,6.28,16.76,5.56,9.53
This is dummy resume feedback #901,8.12,13.31,6.92,9.45
This is dummy resume feedback #902,5.4,5.08,16.48,8.99
This is dummy resume feedback #903,7.72,16.41,5.0,9.71
This is dummy resume feedback #904,13.75,5.53,11.25,10.18
This is dummy resume feedback #905,11.32,16.19,12.84,13.45
This is dummy resume feedback #906,18.39,8.04,5.82,10.75
This is dummy resume feedback #907,17.26,19.37,19.6,18.74
This is dummy resume feedback #908,10.13,10.52,8.39,9.68
This is dummy resume feedback #909,8.89,9.9,9.56,9.45
This is dummy resume feedback #910,10.7,7.23,9.56,9.16
This is dummy resume feedback #911,13.85,9.58,8.46,10.63
This is dummy resume feedback #912,9.02,18.15,5.02,10.73
This is dummy resume feedback #913,14.36,19.95,15.94,16.75
This is dummy resume feedback #914,11.14,10.52,19.5,13.72
This is dummy resume feedback #915,13.28,11.73,8.36,11.12
This is dummy resume feedback #916,11.54,15.83,14.95,14.11
This is dummy resume feedback #917,9.42,18.29,16.13,14.61
This is dummy resume feedback #918,19.23,13.9,17.73,16.95
This is dummy resume feedback #919,16.45,10.87,11.34,12.89
This is dummy resume feedback #920,7.1,11.19,9.54,9.28
This is dummy resume feedback #921,18.03,15.43,9.88,14.45
This is dummy resume feedback #922,12.31,5.05,15.69,11.02
This is dummy resume feedback #923,18.42,14.29,17.25,16.65
This is dummy resume feedback #924,17.0,10.33,7.72,11.68
This is dummy resume feedback #925,11.38,16.91,10.56,12.95
This is dummy resume feedback #926,5.34,6.39,18.53,10.09
This is dummy resume feedback #927,9.03,13.82,17.1,13.32
This is dummy resume feedback #928,13.12,12.21,19.77,15.03
This is dummy resume feedback #929,14.5,14.63,16.31,15.15
This is dummy resume feedback #930,8.87,5.97,10.9,8.58
This is dummy resume feedback #931,7.09,13.7,13.86,11.55
This is dummy resume feedback #932,17.52,13.42,14.92,15.29
This is dummy resume feedback #933,19.77,13.41,6.18,13.12
This is dummy resume feedback #934,12.89,14.05,13.17,13.37
This is dummy resume feedback #935,7.58,15.15,15.64,12.79
This is dummy resume feedback #936,9.08,17.07,7.51,11.22
This is dummy resume feedback #937,5.28,9.05,16.71,10.35
This is dummy resume feedback #938,18.71,17.38,13.76,16.62
This is dummy resume feedback #939,6.77,12.47,19.28,12.84
This is dummy resume feedback #940,13.65,6.16,5.64,8.48
This is dummy resume feedback #941,9.11,5.88,8.98,7.99
This is dummy resume feedback #942,13.31,10.01,14.02,12.45
This is dummy resume feedback #943,14.77,16.77,9.45,13.66
This is dummy resume feedback #944,17.45,15.62,15.72,16.26
This is dummy resume feedback #945,8.1,16.83,16.39,13.77
This is dummy resume feedback #946,5.16,12.76,6.54,8.15
This is dummy resume feedback #947,7.05,11.6,12.71,10.45
This is dummy resume feedback #948,18.5,7.21,12.63,12.78
This is dummy resume feedback #949,18.11,9.92,10.54,12.86
This is dummy resume feedback #950,13.96,11.51,18.99,14.82
This is dummy resume feedback #951,14.01,6.33,17.41,12.58
This is dummy resume feedback #952,14.98,8.31,15.46,12.92
This is dummy resume feedback #953,7.63,13.97,15.71,12.44
This is dummy resume feedback #954,18.72,16.03,11.93,15.56
This is dummy resume feedback #955,11.28,19.98,18.81,16.69
This is dummy resume feedback #956,10.75,19.0,15.42,15.06
This is dummy resume feedback #957,12.78,14.64,15.93,14.45
This is dummy resume feedback #958,5.7,11.32,17.93,11.65
This is dummy resume feedback #959,7.49,14.54,9.11,10.38
This is dummy resume feedback #960,16.07,16.78,17.11,16.65
This is dummy resume feedback #961,6.24,6.78,7.93,6.98
This is dummy resume feedback #962,14.05,11.15,10.18,11.79
This is dummy resume feedback #963,8.68,17.6,10.03,12.1
This is dummy resume feedback #964,10.84,10.76,19.68,13.76
This is dummy resume feedback #965,9.33,13.58,17.85,13.59
This is dummy resume feedback #966,10.34,13.82,15.52,13.23
This is dummy resume feedback #967,15.79,7.77,15.91,13.16
This is dummy resume feedback #968,9.46,10.43,13.43,11.11
This is dummy resume feedback #969,13.5,10.02,19.21,14.24
This is dummy resume feedback #970,12.14,5.39,12.44,9.99
This is dummy resume feedback #971,14.96,5.36,10.71,10.34
This is dummy resume feedback #972,19.05,17.48,7.45,14.66
This is dummy resume feedback #973,15.99,9.1,16.79,13.96
This is dummy resume feedback #974,8.22,12.77,16.02,12.34
This is dummy resume feedback #975,5.47,9.48,10.77,8.57
This is dummy resume feedback #976,8.93,19.11,5.38,11.14
This is dummy resume feedback #977,13.93,8.89,17.58,13.47
This is dummy resume feedback #978,5.77,11.44,5.17,7.46
This is dummy resume feedback #979,12.45,18.09,15.56,15.37
This is dummy resume feedback #980,13.95,17.63,19.55,17.04
This is dummy resume feedback #981,10.01,7.79,11.56,9.79
This is dummy resume feedback #982,16.56,17.04,8.52,14.04
This is dummy resume feedback #983,6.6,11.87,15.57,11.35
This is dummy resume feedback #984,6.13,12.24,17.26,11.88
This is dummy resume feedback #985,15.92,7.0,13.2,12.04
This is dummy resume feedback #986,12.43,6.21,19.51,12.72
This is dummy resume feedback #987,15.33,15.92,5.78,12.34
This is dummy resume feedback #988,11.52,12.45,12.57,12.18
This is dummy resume feedback #989,8.7,11.55,15.78,12.01
This is dummy resume feedback #990,17.29,15.94,17.94,17.06
This is dummy resume feedback #991,16.99,16.48,7.69,13.72
This is dummy resume feedback #992,15.42,7.38,17.0,13.27
This is dummy resume feedback #993,9.08,14.15,13.29,12.17
This is dummy resume feedback #994,13.85,7.03,10.95,10.61
This is dummy resume feedback #995,10.41,16.27,6.98,11.22
This is dummy resume feedback #996,6.37,14.85,17.98,13.07
This is dummy resume feedback #997,18.76,19.35,7.36,15.16
This is dummy resume feedback #998,7.05,6.03,9.65,7.58
This is dummy resume feedback #999,19.25,5.86,9.35,11.49
This is dummy resume feedback #1000,11.69,9.23,18.07,13.0
