resume_text,question,answer
"Ml engineer skilled in Python, SQL. Worked at Google on various tech solutions.",What is a common application of Python in machine learning?,Python helps clean and prepare datasets for machine learning pipelines.
"Ml engineer skilled in JavaScript, Node.js. Worked at Amazon on various tech solutions.",Why is JavaScript useful in data preprocessing?,JavaScript allows efficient state handling and reactivity in UI components.
"Frontend developer skilled in TensorFlow, Keras. Worked at Google on various tech solutions.",Why is Keras useful in data preprocessing?,Keras is widely used for building APIs and backend services.
"Frontend developer skilled in Python, SQL. Worked at Microsoft on various tech solutions.",Why is Python useful in data preprocessing?,Python allows efficient state handling and reactivity in UI components.
"Software engineer skilled in JavaScript, Node.js. Worked at Netflix on various tech solutions.",What is a primary use of Node.js in backend development?,Node.js supports extensive libraries for statistical modeling and visualization.
"Frontend developer skilled in TensorFlow, Keras. Worked at Netflix on various tech solutions.",Why is TensorFlow useful in data preprocessing?,TensorFlow is commonly used for developing deep learning models.
"Backend developer skilled in TensorFlow, Keras. Worked at Netflix on various tech solutions.",How does Keras manage component states?,Keras helps clean and prepare datasets for machine learning pipelines.
"Ml engineer skilled in TensorFlow, Keras. Worked at Microsoft on various tech solutions.",What are the advantages of using Keras in data science?,Keras helps clean and prepare datasets for machine learning pipelines.
"Ml engineer skilled in R, Python. Worked at Amazon on various tech solutions.",What is a common application of Python in machine learning?,Python is widely used for building APIs and backend services.
"Backend developer skilled in Python, SQL. Worked at Amazon on various tech solutions.",How does Python manage component states?,Python is widely used for building APIs and backend services.
"Software engineer skilled in JavaScript, Node.js. Worked at Amazon on various tech solutions.",How does Node.js manage component states?,Node.js is commonly used for developing deep learning models.
"Frontend developer skilled in R, Python. Worked at Facebook on various tech solutions.",How does R manage component states?,R helps clean and prepare datasets for machine learning pipelines.
"Data scientist skilled in TensorFlow, Keras. Worked at Amazon on various tech solutions.",What is a primary use of Keras in backend development?,Keras supports extensive libraries for statistical modeling and visualization.
"Data scientist skilled in HTML, CSS, ReactJS. Worked at Facebook on various tech solutions.",How does HTML manage component states?,HTML is commonly used for developing deep learning models.
"Backend developer skilled in TensorFlow, Keras. Worked at Netflix on various tech solutions.",What is a common application of Keras in machine learning?,Keras supports extensive libraries for statistical modeling and visualization.
"Software engineer skilled in TensorFlow, Keras. Worked at Microsoft on various tech solutions.",What are the advantages of using TensorFlow in data science?,TensorFlow allows efficient state handling and reactivity in UI components.
"Ml engineer skilled in HTML, CSS, ReactJS. Worked at Netflix on various tech solutions.",How does HTML manage component states?,HTML helps clean and prepare datasets for machine learning pipelines.
"Backend developer skilled in Python, SQL. Worked at Netflix on various tech solutions.",Why is Python useful in data preprocessing?,Python allows efficient state handling and reactivity in UI components.
"Software engineer skilled in HTML, CSS, ReactJS. Worked at Facebook on various tech solutions.",What is a primary use of ReactJS in backend development?,ReactJS is commonly used for developing deep learning models.
"Backend developer skilled in R, Python. Worked at Netflix on various tech solutions.",What is a primary use of R in backend development?,R is widely used for building APIs and backend services.
"Data scientist skilled in R, Python. Worked at Amazon on various tech solutions.",What are the advantages of using R in data science?,R is widely used for building APIs and backend services.
"Backend developer skilled in R, Python. Worked at Facebook on various tech solutions.",What are the advantages of using Python in data science?,Python supports extensive libraries for statistical modeling and visualization.
"Data scientist skilled in TensorFlow, Keras. Worked at Netflix on various tech solutions.",How does Keras manage component states?,Keras allows efficient state handling and reactivity in UI components.
"Frontend developer skilled in R, Python. Worked at Amazon on various tech solutions.",How does R manage component states?,R is widely used for building APIs and backend services.
"Ml engineer skilled in HTML, CSS, ReactJS. Worked at Amazon on various tech solutions.",What is a primary use of ReactJS in backend development?,ReactJS allows efficient state handling and reactivity in UI components.
"Frontend developer skilled in JavaScript, Node.js. Worked at Microsoft on various tech solutions.",What is a primary use of JavaScript in backend development?,JavaScript is commonly used for developing deep learning models.
"Data scientist skilled in HTML, CSS, ReactJS. Worked at Google on various tech solutions.",What are the advantages of using HTML in data science?,HTML helps clean and prepare datasets for machine learning pipelines.
"Backend developer skilled in R, Python. Worked at Facebook on various tech solutions.",What are the advantages of using R in data science?,R helps clean and prepare datasets for machine learning pipelines.
"Ml engineer skilled in JavaScript, Node.js. Worked at Google on various tech solutions.",What are the advantages of using Node.js in data science?,Node.js is widely used for building APIs and backend services.
"Frontend developer skilled in Python, SQL. Worked at Amazon on various tech solutions.",How does SQL manage component states?,SQL allows efficient state handling and reactivity in UI components.
"Software engineer skilled in Python, SQL. Worked at Google on various tech solutions.",How does SQL manage component states?,SQL is widely used for building APIs and backend services.
"Software engineer skilled in Python, SQL. Worked at Microsoft on various tech solutions.",What are the advantages of using SQL in data science?,SQL is commonly used for developing deep learning models.
"Data scientist skilled in JavaScript, Node.js. Worked at Facebook on various tech solutions.",What is a common application of JavaScript in machine learning?,JavaScript helps clean and prepare datasets for machine learning pipelines.
"Software engineer skilled in HTML, CSS, ReactJS. Worked at Google on various tech solutions.",Why is CSS useful in data preprocessing?,CSS supports extensive libraries for statistical modeling and visualization.
"Data scientist skilled in JavaScript, Node.js. Worked at Netflix on various tech solutions.",What are the advantages of using JavaScript in data science?,JavaScript supports extensive libraries for statistical modeling and visualization.
"Ml engineer skilled in R, Python. Worked at Netflix on various tech solutions.",What is a common application of Python in machine learning?,Python supports extensive libraries for statistical modeling and visualization.
"Backend developer skilled in JavaScript, Node.js. Worked at Amazon on various tech solutions.",What is a primary use of JavaScript in backend development?,JavaScript allows efficient state handling and reactivity in UI components.
"Ml engineer skilled in Python, SQL. Worked at Google on various tech solutions.",What is a primary use of Python in backend development?,Python is widely used for building APIs and backend services.
"Ml engineer skilled in TensorFlow, Keras. Worked at Netflix on various tech solutions.",What is a common application of TensorFlow in machine learning?,TensorFlow is widely used for building APIs and backend services.
"Data scientist skilled in R, Python. Worked at Netflix on various tech solutions.",What are the advantages of using Python in data science?,Python supports extensive libraries for statistical modeling and visualization.
"Backend developer skilled in HTML, CSS, ReactJS. Worked at Facebook on various tech solutions.",What are the advantages of using CSS in data science?,CSS supports extensive libraries for statistical modeling and visualization.
"Ml engineer skilled in TensorFlow, Keras. Worked at Microsoft on various tech solutions.",What is a common application of TensorFlow in machine learning?,TensorFlow is widely used for building APIs and backend services.
"Frontend developer skilled in R, Python. Worked at Google on various tech solutions.",What are the advantages of using R in data science?,R is widely used for building APIs and backend services.
"Backend developer skilled in TensorFlow, Keras. Worked at Amazon on various tech solutions.",How does TensorFlow manage component states?,TensorFlow allows efficient state handling and reactivity in UI components.
"Software engineer skilled in HTML, CSS, ReactJS. Worked at Facebook on various tech solutions.",What is a common application of CSS in machine learning?,CSS helps clean and prepare datasets for machine learning pipelines.
"Data scientist skilled in TensorFlow, Keras. Worked at Google on various tech solutions.",What is a common application of Keras in machine learning?,Keras is widely used for building APIs and backend services.
"Software engineer skilled in TensorFlow, Keras. Worked at Google on various tech solutions.",How does TensorFlow manage component states?,TensorFlow is widely used for building APIs and backend services.
"Ml engineer skilled in TensorFlow, Keras. Worked at Amazon on various tech solutions.",What is a primary use of TensorFlow in backend development?,TensorFlow is widely used for building APIs and backend services.
"Software engineer skilled in HTML, CSS, ReactJS. Worked at Microsoft on various tech solutions.",What is a common application of ReactJS in machine learning?,ReactJS helps clean and prepare datasets for machine learning pipelines.
"Backend developer skilled in JavaScript, Node.js. Worked at Netflix on various tech solutions.",How does JavaScript manage component states?,JavaScript allows efficient state handling and reactivity in UI components.
"Backend developer skilled in Python, SQL. Worked at Amazon on various tech solutions.",Why is Python useful in data preprocessing?,Python helps clean and prepare datasets for machine learning pipelines.
"Ml engineer skilled in TensorFlow, Keras. Worked at Microsoft on various tech solutions.",Why is Keras useful in data preprocessing?,Keras helps clean and prepare datasets for machine learning pipelines.
"Ml engineer skilled in TensorFlow, Keras. Worked at Google on various tech solutions.",What is a common application of TensorFlow in machine learning?,TensorFlow is commonly used for developing deep learning models.
"Backend developer skilled in JavaScript, Node.js. Worked at Google on various tech solutions.",What are the advantages of using JavaScript in data science?,JavaScript is widely used for building APIs and backend services.
"Data scientist skilled in Python, SQL. Worked at Amazon on various tech solutions.",What is a common application of Python in machine learning?,Python helps clean and prepare datasets for machine learning pipelines.
"Software engineer skilled in TensorFlow, Keras. Worked at Facebook on various tech solutions.",Why is TensorFlow useful in data preprocessing?,TensorFlow is widely used for building APIs and backend services.
"Data scientist skilled in R, Python. Worked at Facebook on various tech solutions.",What is a common application of R in machine learning?,R allows efficient state handling and reactivity in UI components.
"Data scientist skilled in HTML, CSS, ReactJS. Worked at Netflix on various tech solutions.",What is a common application of ReactJS in machine learning?,ReactJS supports extensive libraries for statistical modeling and visualization.
"Frontend developer skilled in JavaScript, Node.js. Worked at Microsoft on various tech solutions.",Why is Node.js useful in data preprocessing?,Node.js allows efficient state handling and reactivity in UI components.
"Software engineer skilled in Python, SQL. Worked at Microsoft on various tech solutions.",Why is SQL useful in data preprocessing?,SQL is widely used for building APIs and backend services.
"Software engineer skilled in R, Python. Worked at Facebook on various tech solutions.",What is a common application of R in machine learning?,R supports extensive libraries for statistical modeling and visualization.
"Frontend developer skilled in Python, SQL. Worked at Facebook on various tech solutions.",How does SQL manage component states?,SQL helps clean and prepare datasets for machine learning pipelines.
"Backend developer skilled in JavaScript, Node.js. Worked at Microsoft on various tech solutions.",Why is Node.js useful in data preprocessing?,Node.js helps clean and prepare datasets for machine learning pipelines.
"Software engineer skilled in R, Python. Worked at Microsoft on various tech solutions.",What are the advantages of using R in data science?,R supports extensive libraries for statistical modeling and visualization.
"Backend developer skilled in R, Python. Worked at Microsoft on various tech solutions.",What is a common application of R in machine learning?,R helps clean and prepare datasets for machine learning pipelines.
"Ml engineer skilled in JavaScript, Node.js. Worked at Amazon on various tech solutions.",What are the advantages of using JavaScript in data science?,JavaScript is widely used for building APIs and backend services.
"Frontend developer skilled in Python, SQL. Worked at Google on various tech solutions.",What are the advantages of using Python in data science?,Python helps clean and prepare datasets for machine learning pipelines.
"Software engineer skilled in HTML, CSS, ReactJS. Worked at Netflix on various tech solutions.",What is a primary use of HTML in backend development?,HTML supports extensive libraries for statistical modeling and visualization.
"Software engineer skilled in R, Python. Worked at Google on various tech solutions.",What is a common application of Python in machine learning?,Python is widely used for building APIs and backend services.
"Ml engineer skilled in TensorFlow, Keras. Worked at Netflix on various tech solutions.",How does TensorFlow manage component states?,TensorFlow helps clean and prepare datasets for machine learning pipelines.
"Ml engineer skilled in Python, SQL. Worked at Facebook on various tech solutions.",What is a primary use of SQL in backend development?,SQL is widely used for building APIs and backend services.
"Ml engineer skilled in Python, SQL. Worked at Amazon on various tech solutions.",What is a common application of Python in machine learning?,Python is commonly used for developing deep learning models.
"Ml engineer skilled in Python, SQL. Worked at Facebook on various tech solutions.",What are the advantages of using SQL in data science?,SQL supports extensive libraries for statistical modeling and visualization.
"Ml engineer skilled in TensorFlow, Keras. Worked at Microsoft on various tech solutions.",How does TensorFlow manage component states?,TensorFlow allows efficient state handling and reactivity in UI components.
"Frontend developer skilled in HTML, CSS, ReactJS. Worked at Facebook on various tech solutions.",How does ReactJS manage component states?,ReactJS is commonly used for developing deep learning models.
"Backend developer skilled in JavaScript, Node.js. Worked at Amazon on various tech solutions.",What is a primary use of Node.js in backend development?,Node.js helps clean and prepare datasets for machine learning pipelines.
"Data scientist skilled in JavaScript, Node.js. Worked at Amazon on various tech solutions.",What is a common application of Node.js in machine learning?,Node.js is commonly used for developing deep learning models.
"Ml engineer skilled in R, Python. Worked at Netflix on various tech solutions.",Why is Python useful in data preprocessing?,Python allows efficient state handling and reactivity in UI components.
"Ml engineer skilled in JavaScript, Node.js. Worked at Google on various tech solutions.",What are the advantages of using Node.js in data science?,Node.js is commonly used for developing deep learning models.
"Data scientist skilled in JavaScript, Node.js. Worked at Microsoft on various tech solutions.",What is a common application of JavaScript in machine learning?,JavaScript helps clean and prepare datasets for machine learning pipelines.
"Frontend developer skilled in TensorFlow, Keras. Worked at Netflix on various tech solutions.",How does TensorFlow manage component states?,TensorFlow helps clean and prepare datasets for machine learning pipelines.
"Data scientist skilled in R, Python. Worked at Google on various tech solutions.",How does Python manage component states?,Python supports extensive libraries for statistical modeling and visualization.
"Ml engineer skilled in TensorFlow, Keras. Worked at Microsoft on various tech solutions.",What is a primary use of TensorFlow in backend development?,TensorFlow is commonly used for developing deep learning models.
"Backend developer skilled in JavaScript, Node.js. Worked at Netflix on various tech solutions.",What are the advantages of using Node.js in data science?,Node.js helps clean and prepare datasets for machine learning pipelines.
"Backend developer skilled in HTML, CSS, ReactJS. Worked at Microsoft on various tech solutions.",How does CSS manage component states?,CSS is widely used for building APIs and backend services.
"Ml engineer skilled in R, Python. Worked at Facebook on various tech solutions.",What are the advantages of using Python in data science?,Python helps clean and prepare datasets for machine learning pipelines.
"Frontend developer skilled in TensorFlow, Keras. Worked at Facebook on various tech solutions.",What is a primary use of TensorFlow in backend development?,TensorFlow helps clean and prepare datasets for machine learning pipelines.
"Backend developer skilled in TensorFlow, Keras. Worked at Amazon on various tech solutions.",What are the advantages of using Keras in data science?,Keras allows efficient state handling and reactivity in UI components.
"Software engineer skilled in Python, SQL. Worked at Facebook on various tech solutions.",How does Python manage component states?,Python helps clean and prepare datasets for machine learning pipelines.
"Software engineer skilled in Python, SQL. Worked at Google on various tech solutions.",How does SQL manage component states?,SQL allows efficient state handling and reactivity in UI components.
"Software engineer skilled in R, Python. Worked at Netflix on various tech solutions.",What is a common application of Python in machine learning?,Python is widely used for building APIs and backend services.
"Ml engineer skilled in Python, SQL. Worked at Microsoft on various tech solutions.",Why is SQL useful in data preprocessing?,SQL helps clean and prepare datasets for machine learning pipelines.
"Software engineer skilled in R, Python. Worked at Microsoft on various tech solutions.",What is a primary use of Python in backend development?,Python is widely used for building APIs and backend services.
"Software engineer skilled in Python, SQL. Worked at Google on various tech solutions.",How does SQL manage component states?,SQL is widely used for building APIs and backend services.
"Frontend developer skilled in JavaScript, Node.js. Worked at Amazon on various tech solutions.",What is a common application of JavaScript in machine learning?,JavaScript helps clean and prepare datasets for machine learning pipelines.
"Data scientist skilled in R, Python. Worked at Google on various tech solutions.",Why is Python useful in data preprocessing?,Python is commonly used for developing deep learning models.
"Data scientist skilled in HTML, CSS, ReactJS. Worked at Microsoft on various tech solutions.",What is a common application of ReactJS in machine learning?,ReactJS allows efficient state handling and reactivity in UI components.
"Backend developer skilled in JavaScript, Node.js. Worked at Google on various tech solutions.",What is a primary use of Node.js in backend development?,Node.js is widely used for building APIs and backend services.
"Software engineer skilled in R, Python. Worked at Netflix on various tech solutions.",What are the advantages of using R in data science?,R allows efficient state handling and reactivity in UI components.
"Frontend developer skilled in TensorFlow, Keras. Worked at Amazon on various tech solutions.",What is a common application of Keras in machine learning?,Keras is widely used for building APIs and backend services.
